# CK2RELIGION;EU4RELIGION;Custom Defined;Comment

# Zoroastrianism

mazdaki;mazdaki;1;Mazdaki
zurvanist;zurvanist;1;Zurvanist

# Judaism
samaritan;samaritan;1;Samaritan
karaite;karaite;1;Karaite

# Catholic Heresies
cathar;cathar;1;Cathar
fraticelli;fraticelli;1;Fraticelli
waldensian;waldensian;1;Waldensian
lollard;lollard;1;Lollard

# Orthodox Heresies
bogomilist;bogomilist;1;Bogomilist
monothelite;monothelite;1;Monothelite
iconoclast;iconoclast;1;Iconoclast
paulician;paulician;1;Paulician
messalian;messalian_mod;1;Messalian
monophysite;coptic;0;Coptic
paulician;apostolic_heresy;1;Paulician
tondrakian;apostolic_heresy;1;Tondrakian

# Sunni Heresies
zikri;zikri;1;Zikri
yazidi;yazidi;1;Yazidi
kharijite;kharijite;1;Kharijite
ibadi;ibadi;0;Ibadi
arab_pagan;arab_pagan;1;Meccan

# Shiite Heresies
druze;druze;1;Druze
hurufi;hurufi;1;hurufi

#Hellenic
titan_pagan;hellenic;1;Hellenic

# Kemetic
aten_pagan;egyptian_pagan_heresy;1;Atenic